Donor,Donor Country ID,Year
Sweden,SE,2021
Norway,NO,2021
Food & Agriculture Organization of the United Nations,Total DAC,2021
Netherlands,NL,2021 | 2020 | 2019
South Sudan Humanitarian Fund,Total DAC,2021
Finland,FI,2021
United States of America,US,2023 | 2022 | 2021
India,IN,2019
Denmark,DK,2021
Japan,JP,2021
African Union,Total DAC,2019
Switzerland,CH,2021 | 2020
Saudi Arabia (Kingdom of),SA,2021
European Commission's Humanitarian Aid and Civil Protection Department,EU Institutions,2021
Private (individuals & organizations),Total DAC,2021
Brazil,BR,2021
Australia,AU,2021
Iraq Humanitarian Fund,Total DAC,2021
Austria,AT,2021
Belgium,BE,2021
International Organization for Migration,Total DAC,2021 | 2020
International Fund for Agricultural Development,Total DAC,2021
United Kingdom,GB,2024
Italy,IT,2021
Trust Fund for Human Security,Total DAC,2012
Germany,DE,2024 | 2023 | 2022 | 2021
Poland,PL,2021
World Food Programme,Total DAC,2021 | 2022 | 2023
Estonia,EE,2021
Romania,RO,2021
ACT Alliance / Interchurch Organisation for Development Co-operation,Total DAC,2020
Luxembourg,LU,2022 | 2021 | 2020
US Fund for UNICEF,Total DAC,2021
Ireland,IE,2021
UN Peacebuilding Fund,Total DAC,2021
European Commission,EU Institutions,2021
International Federation of Red Cross and Red Crescent Societies,Total DAC,2021
China,CN,2021
Indonesia,ID,2019
South Africa,ZA,2021
Cuba,CU,2015
France,FR,2021
United Nations Development Programme,Total DAC,2021
Central Emergency Response Fund,Total DAC,2021
Sudan Humanitarian Fund,Total DAC,2021
Canada,CA,2021
Organisation of the Islamic Conference,Total DAC,2012
"Global Fund to Fight AIDS, Tuberculosis and Malaria",Total DAC,2020
Oman,OM,2020
Russian Federation,RU,2021
Spain,ES,2021
United Nations High Commissioner for Refugees,Total DAC,2022 | 2021 | 2020 | 2019
Cote d'Ivoire,CI,2020
occupied Palestinian territory Humanitarian Fund,Total DAC,2021
Syrian Arab Republic Humanitarian Fund,Total DAC,2021
Lebanon Humanitarian Fund,Total DAC,2021
"Korea, Republic of",KR,2021
UNICEF National Committee/Hellenic,Total DAC,2017
UNICEF National Committee/Belgium,Total DAC,2020
UNICEF National Committee/Italy,Total DAC,2021
United Nations Children's Fund,Total DAC,2021 | 2020
Democratic Republic of the Congo Humanitarian Fund,Total DAC,2021
United Arab Emirates,AE,2021
UNICEF National Committee/United Kingdom,Total DAC,2021
Czech Republic,CZ,2021
United Nations Interim Force in Lebanon,Total DAC,2010
United Nations Peacekeeping Force in Cyprus,Total DAC,2010
Office for the Coordination of Humanitarian Affairs,Total DAC,2021
UNICEF National Committee/France,Total DAC,2021
UNICEF National Committee/Germany,Total DAC,2021
OPEC Fund for International Development,Total DAC,2021
UNICEF National Committee/Spain,Total DAC,2021
UNICEF National Committee/Slovenia,Total DAC,2020
UNICEF National Committee/Sweden,Total DAC,2021
UNICEF National Committee/Turkey,Total DAC,2020
Children's Investment Fund Foundation,Total DAC,2014
Central African Republic Humanitarian Fund,Total DAC,2021
Arab Gulf Programme for United Nations Development Organizations,Total DAC,2017
Myanmar Humanitarian Fund,Total DAC,2021
Organization for Social Development Initiatives,Total DAC,2012
Pakistan,PK,2020
Iceland,IS,2021
Singapore,SG,2021
New Zealand,NZ,2021
UNICEF National Committee/Australia,Total DAC,2020
UNICEF National Committee/Hong Kong,Total DAC,2020
UNICEF National Committee/Israel,Total DAC,2021
Singapore Red Cross Society,Total DAC,2018
Malawi,MW,2015
Mexico,MX,2021
African Development Bank,Total DAC,2021
Sri Lanka,LK,2020
Chile,CL,2019
Asian Development Bank,Total DAC,2021
Latvia,LV,2020
WPD,Total DAC,2005
Sovereign Military Order of Malta,Total DAC,2015
Andorra,AD,2021
Ukraine,UA,2020
Liechtenstein,LI,2021
Myanmar,MM,2019
Mongolia,MN,2019
Qatar,QA,2021
Kuwait,KW,2021
Turkey,TR,2021
Argentina,AR,2019
Greece,GR,2021
Thailand,TH,2021
Hungary,HU,2020
Uruguay,UY,2015
Armenia,AM,2020
Djibouti,DJ,2015
Bulgaria,BG,2021
Ethiopia Humanitarian Fund,Total DAC,2021
Afghanistan,AF,2018
International Islamic Charitable Organization,Total DAC,
Colombia Humanitarian Fund,Total DAC,2021
Aga Khan Development Network,Total DAC,2002
Bill and Melinda Gates Foundation,Total DAC,2020
Global Partners,Total DAC,2010
"United Nations Educational, Scientific and Cultural Organization",Total DAC,2020
MÃ©decins sans FrontiÃ¨res,Total DAC,
Montenegro,ME,2021
OXFAM GB,Total DAC,2020
Save the Children,Total DAC,2021
Moldova,MD,2019
UNICEF National Committee/Switzerland,Total DAC,2021
Association of Southeast Asian Nations,Total DAC,2013
Republic of Korea National Red Cross,Total DAC,2016
Afghanistan ERF (until 2014),Total DAC,2014
FOCUS International,Total DAC,2003
Empress Shoken Fund,Total DAC,2002
"Congo, Democratic Republic of the ERF (until 2013)",Total DAC,2013
Haiti Humanitarian Fund,Total DAC,2016
Pakistan Humanitarian Fund,Total DAC,2021
Malta,MT,2021
Indonesia ERF (until 2014),Total DAC,2013
Kenya ERF (until 2014),Total DAC,2013
Yemen Humanitarian Fund,Total DAC,2021
Zimbabwe ERF (until 2014),Total DAC,2014
Colombia,CO,2021
UN Foundation,Total DAC,2020
United Nations Mine Action Service,Total DAC,2020
Philippines,PH,2021
Faeroe Islands,FO,2017
Brunei Darussalam,BN,2021
Triangle GÃ©nÃ©ration Humanitaire,Total DAC,
OCHA NGO Funds,Total DAC,2007
Cyprus,CY,2021
UNICEF National Committee/Austria,Total DAC,2020
UNICEF National Committee/Canada,Total DAC,2021
UNICEF National Committee/Iceland,Total DAC,2020
UNICEF National Committee/Ireland,Total DAC,2020
UNICEF National Committee/Korea (Republic of),Total DAC,2020
UNICEF National Committee/New Zealand,Total DAC,2021
UNICEF National Committee/Portugal,Total DAC,2020
UNICEF National Committee/Slovakia,Total DAC,2019
Azerbaijan,AZ,2021
UN Programme on HIV/AIDS,Total DAC,2021
Somalia Humanitarian Fund,Total DAC,2021
Slovakia,SK,2020
Slovenia,SI,2021
Lithuania,LT,2021
American Friends of UNRWA,Total DAC,2017
Monaco,MC,2021
United Nations Assistance Mission in Iraq,Total DAC,2012
UNICEF National Committee/Luxembourg,Total DAC,2020
Salvation Army,Total DAC,2010
Caritas New Zealand,Total DAC,2002
Jordan Humanitarian Fund,Total DAC,2021
Zimbabwe,ZW,2016
Croatia,HR,2021
Israel,IL,2021
UNICEF National Committee/Japan,Total DAC,2021
UNICEF National Committee/Netherlands,Total DAC,2021
San Marino,SM,2017
United Nations Population Fund,Total DAC,2021
European Commission EuropeAid Development and Cooperation,EU Institutions,
Pan-American Health Organization (World Health Organization),Total DAC,2020
United Nations Joint Programme on HIV/AIDS,Total DAC,2021
Movitel,Total DAC,2013
Botswana,BW,2017
Egypt,EG,2019
Lao (People's Democratic Republic),LA,2021
Private Agencies Collaborating Together,Total DAC,2016
World Health Organization,Total DAC,2021
Georgia,GE,2016
UNICEF National Committee/Norway,Total DAC,2020
United Nations Humanitarian Air Service,Total DAC,2013
Malaysia,MY,2021
Austrian Red Cross,Total DAC,2011
British Red Cross,Total DAC,2011
Swiss Red Cross,Total DAC,2019 | 2018
Canadian Red Cross Society,Total DAC,2011
Swedish Red Cross,Total DAC,2010
Cyprus Red Cross,Total DAC,2008
Kuwait Red Crescent Society,Total DAC,2021
Libya Red Crescent,Total DAC,2006
Turkish Red Crescent Society,Total DAC,2019
United Nations Economic and Social Commission for Asia and the Pacific,Total DAC,2013
Kazakhstan,KZ,2021
Morocco,MA,2021
Centers for Disease Control,US,
Rotary International,Total DAC,2021
Caritas Hong kong,Total DAC,2006
United Nations Mission in Kosovo,Total DAC,2003
UNICEF National Committee/Denmark,Total DAC,2021
Eritrea,ER,2005
Holy See,VA,2021
Stromme Foundation,Total DAC,2020
Japanese Red Cross Society,Total DAC,2011
World Bank,Total DAC,2021
German Red Cross,Total DAC,2019
Italian Red Cross,Total DAC,2007
Les Amis du Liban,Total DAC,2013
New Zealand Red Cross,Total DAC,2013
Intel,Total DAC,2014
Red Crescent Society of the United Arab Emirates,Total DAC,2021
Darfur Peace and Stability Fund,Total DAC,2013
Caritas Switzerland,Total DAC,2020
UNRWA Spanish Committee,Total DAC,2016
Americares,Total DAC,2018
Norwegian Red Cross,Total DAC,2011
Peru,PE,2020
USA Friends of WFP,Total DAC,2005
Jersey Overseas Aid,Total DAC,2021
European Commission Directorate General for Development,EU Institutions,2017
"Gift of the Givers Foundation (Pietermaritzburg, RSA)",Total DAC,2013
Mozambique,MZ,2020
Spanish Red Cross,Total DAC,2019
Tunisian Red Crescent,Total DAC,2004
COFRA,Total DAC,2013
Disasters Emergency Committee (UK),Total DAC,2018
Netherlands Red Cross,Total DAC,2011
Saudi Arabian Red Crescent Society,Total DAC,2006
Al-Islah Association,Total DAC,2013
Al Najat Charitable Society,Total DAC,2019
Patient's Help Fund,Total DAC,2013
Shaik Abdallah Nouri Association,Total DAC,2013
MIRC Corporate,Total DAC,2003
Paraguay,PY,2017
International Islamic Relief Organization,Total DAC,2013
Islamic Relief Worldwide,Total DAC,2020
Arab Medical Union,Total DAC,2013
Union of Relief Organizations - Lebanon,Total DAC,
Mekka Association,Total DAC,2013
Danish Red Cross,Total DAC,2010
Finnish Red Cross,Total DAC,2011
UNICEF National Committee/Poland,Total DAC,2020
National Commission for Lebanese Women,LB,2013
Qatar Red Crescent Society,Total DAC,2021
UNICEF National Committee/Hungary,Total DAC,2013
UNICEF National Committee/Finland,Total DAC,2021
Namibia,NA,2014
Serbia,RS,2020
UNDP Administered Trust Fund,Total DAC,2021
Republic of South Sudan,SS,2020
Algeria,DZ,2021
Hellenic Red Cross,Total DAC,2010
Concern Worldwide,Total DAC,2020
Elena Trevisanato Onlus Foundation,Total DAC,2013
Don Bosco Mondo Prokur,Total DAC,2013
Museke Foundation,Total DAC,2013
Butterfly Onlus Foundation,Total DAC,2013
Global Thematic Partners,Total DAC,2013
IFRC Disaster Relief Emergency Fund,Total DAC,2015
International Committee of the Red Cross,Total DAC,2019
American Red Cross,Total DAC,2015
Sprint Foundation,Total DAC,2013
Portugal,PT,2021
Iraq,IQ,2017
Icelandic Red Cross,Total DAC,2010
Bahrain,BH,2015
Norwegian Refugee Council,Total DAC,2023 | 2022 | 2021
SolidaritÃ©s International,Total DAC,
ACF - France,Total DAC,2012
Chaine du Bonheur,Total DAC,2018
Stichting Vluchteling,Total DAC,2021
Deutsche Stiftung,Total DAC,2003
Australian Red Cross,Total DAC,2010
Kenya,KE,2017
CAN FOUNDATION,Total DAC,2013
Human Appeal International (UAE),Total DAC,2016
United Nations Department of Safety and Security,Total DAC,2014
IKEA Foundation,Total DAC,2020
Organization of Petroleum Exporting Countries Fund,Total DAC,2018
Deutsche Telekom,Total DAC,2013
CARITAS / Catholic Relief Services,Total DAC,2004
Action by Churches Together (ACT),Total DAC,2009
Ford Foundation,Total DAC,2020
Canadian Food Grains Bank,Total DAC,2021
Red Cross Society of China,Total DAC,2016
Accenture,Total DAC,2013
Roddick Foundation,Total DAC,2013
Target,Total DAC,
International Labour Organization,Total DAC,2021
Ecuador,EC,2017
Sheikh Thani bin Abdullah Foundation for Humanitarian Services (RAF),Total DAC,2021
Mahvash and Jahangir Siddiqui Foundation,Total DAC,2013
General Secretariat of Awkaf,Total DAC,2013
Kuwaiti Society for Relief,Total DAC,2019
Oman Charitable Organisation,Total DAC,2013
Qatar Charity,Total DAC,2021
Al ghara Charity Organization-Jordan,Total DAC,2013
UNICEF National Committee/Indonesia,Total DAC,2020
UNICEF National Committee/Andorra,Total DAC,2020
Baha'i International Community,Total DAC,2021
Guyana,GY,2020
United Nations Human Settlements Programme (UN-HABITAT),Total DAC,2021
Community Chest Korea,Total DAC,2015
"One UN Fund, EFW",Total DAC,2016
Mali,ML,2019
Trinidad and Tobago,TT,2019
UNICEF National Committee/Czech Republic,Total DAC,2020
The Asfari Foundation,Total DAC,2013
Education Above All Foundation,Total DAC,2018
Uganda ERF (until 2010),Total DAC,2014
Specially Designated Contributions (OCHA),Total DAC,2013
Red Cross of Viet Nam,Total DAC,2010
Viet Nam,VN,2021
Waqf Alghanem and Othman mosques,Total DAC,2013
World Assembly of Muslim Youth,Total DAC,2013
Foundation-NL,Total DAC,2014
Rural Initiatives in Sustainability and Empowerment,Total DAC,2014
Samsung Group,Total DAC,2016
Eli Lilly,Total DAC,2014
National Basketball Association,Total DAC,2014
Hong Kong Special Administrative Region of the People's Republic of China,HK,2016
Samenwerkende Hulporganisaties,Total DAC,2018
UN Voluntary Trust Fund for Technical Cooperation,Total DAC,2016
UPS Foundation,Total DAC,2021
Central African Republic,CF,2021
Friends of UNFPA,Total DAC,2021
Virgin Unite,Total DAC,2014
Africa Solidarity Trust Fund,Total DAC,2020
Johnson & Johnson,Total DAC,2014
Swiss Academy of Development,Total DAC,2014
Belarus,BY,2021
Council of Europe Development Bank,Total DAC,2016
Soros Foundation Open Society Institute,Total DAC,2004
Help Syria through the Winter Foundation,Total DAC,2014
Afghanistan Humanitarian Fund,Total DAC,2021
UN Trust Fund,Total DAC,
Khazanah Nasional,MY,2014
Rockefeller Foundation,Total DAC,2020
Start Fund,Total DAC,
Nigeria,NG,2021
Irish Red Cross Society,Total DAC,2010
Red Crescent Society of the Islamic Republic of Iran,Total DAC,2017
Deutsche Gesellschaft fÃ¼r Internationale Zusammenarbeit,Total DAC,
Slovenian Red Cross,Total DAC,2010
Belgian Red Cross,Total DAC,2011
Islamic Development Bank,Total DAC,2020
"INTERPAL, UK",Total DAC,2014
Khalifa Bin Zayed Al Nahyan Foundation,Total DAC,2020
NGOs (details not yet provided),Total DAC,2020
SociÃ©tÃ© Anglogold Ashanti de GuinÃ©e,Total DAC,
"Congo, Democratic Republic of",CD,2020
Robert Wood Johnson Foundation,Total DAC,2014
Paul G. Allen,Total DAC,2019
GlaxoSmithKline,Total DAC,2020
ExxonMobil,Total DAC,2019
Chilean Red Cross,Total DAC,2005
Open Society Foundations,Total DAC,2015
Coca-Cola Foundation,Total DAC,2014
Coca-Cola Company,Total DAC,2014
ArcelorMittal Foundation,Total DAC,2014
Legatum Foundation,Total DAC,2014
William and Flora Hewlett Foundation,Total DAC,2020
Cigna Foundation,Total DAC,2014
Hospital Corporation of America,Total DAC,2014
McKesson Corporation,Total DAC,2014
Chevron Corporation,Total DAC,2014
General Electric,Total DAC,2014
Aliko Dangote's Foundation,Total DAC,2014
Tony Elumelu Foundation,Total DAC,2014
"Cera Products, Inc",Total DAC,2014
Stavros Niarchos Foundation,Total DAC,2020
Seplat Petroleum Development Company Plc,Total DAC,2014
National Oil Company of Liberia,Total DAC,2014
Liberia Petroleum Company,Total DAC,2014
Mercury International,Total DAC,2014
EcoBank,Total DAC,2014
Canadian Imperial Bank of Commerce,Total DAC,2016
Western Union Foundation,Total DAC,2016
Sierra Minerals Holdings/Vimetco,Total DAC,2014
FedEx,Total DAC,2016
Shell Oil Company,Total DAC,2014
TOTAL,Total DAC,
Ericsson,Total DAC,2014
Andorran Red Cross,Total DAC,2010
Taiwan Red Cross Society,Total DAC,2010
Kaiser Permanente,Total DAC,2014
Scotiabank,Total DAC,2014
Sun Life Financial Inc.,Total DAC,2014
TD Bank,Total DAC,2014
DuPont,Total DAC,2014
Egyptian Red Crescent Society,Total DAC,2010
French Red Cross,Total DAC,2020
Alcoa Foundation,Total DAC,2014
Venezuela,VE,2020
Red Cross of Monaco,Total DAC,2011
Bayer,Total DAC,2014
Thai Red Cross Society,Total DAC,2011
Cisco Foundation,Total DAC,2021
IBM,Total DAC,2014
African Rainbow Minerals,Total DAC,2014
VOLVO,Total DAC,2014
Novo Nordisk,Total DAC,2019
Ebola Response Multi-Partner Trust Fund,Total DAC,2017
Procter & Gamble Inc.,Total DAC,2019
CARE International,Total DAC,2020
World Vision International,Total DAC,2021
United Nations,Total DAC,2021
Novartis,Total DAC,2020
Swiss Solidarity,Total DAC,2021
Helping Hand for Relief and Development,Total DAC,2021
Mohamed Bin Rashid Al Maktoum Humanitarian and Charity Establishment,Total DAC,2014
United Nations Fund for International Partnerships,Total DAC,2016
Citigroup,Total DAC,2021
IGAD Partnership Forum,Total DAC,2014
GlobalGiving,Total DAC,2015
Intergov Authority on Development,Total DAC,
UN TF for Int'l Coop&Dev,Total DAC,2014
WELLCOME TRUST,Total DAC,2018
NGO Consortium,Total DAC,2015
UNICEF National Committees,Total DAC,2020
Syria Cross-border Humanitarian Fund,Total DAC,2021
Pacific Islands Forum,Total DAC,2004
South Pacific Applied Geoscience Commission,Total DAC,2003
Taiwan International Cooperation and Development Fund,Total DAC,2021 | 2020
ACT Alliance / Lutheran World Federation,Total DAC,2004
NaCSA/World Bank,Total DAC,2002
ECHO DFID contribution,GB,2016
Costa Rica,CR,2021
Jordan Hashemite Charity Organization,Total DAC,2021
Dubai Cares (UAE),Total DAC,
Chad,TD,2021
United Nations Relief and Works Agency for Palestine Refugees in the Near East,Total DAC,2021
UNICEF National Committee/Lithuania,Total DAC,2015
Mauritius,MU,2015
Bolivia,BO,2017
Togo,TG,2014
Cameroon,CM,2020
Bhutan,BT,2019
Bangladesh,BD,2021
World Jewish Relief,Total DAC,2020
ASYA SAR - KYM,Total DAC,2015
Community Research and Development Organization,Total DAC,2014
International Rescue Committee,Total DAC,2021
Peace and Development Organization,Total DAC,2014
World Vision Pakistan,Total DAC,2014
Initiative for Development and Empowerment Axis,Total DAC,2014
IDeA Foundation,Total DAC,2015
United Nations Advance Mission in Sudan,Total DAC,2015
European Children's Trust,Total DAC,
Economic Community of West African States,Total DAC,2015
UN Women,Total DAC,2021
T. Kuroyanagi,Total DAC,2004
Medicor Foundation,Total DAC,2020
UN Resident Coordinator's Office,Total DAC,2014
Danish Refugee Council,Total DAC,2021
Livelihoods and Food Security Trust Fund,Total DAC,2019
Three Millennium Development Goal Fund (3MDG),Total DAC,2015
Iran,IR,2020
Antigua and Barbuda,AG,2016
Barbados,BB,2016
Saint Lucia,LC,2016
Saint Vincent and the Grenadines,VC,2015
Caribbean Development Bank,Total DAC,2020
Sudan,SD,2019
Rotary Club of Shanghai,Total DAC,2003
Adventist Development and Relief Agency,Total DAC,2021
OXFAM/Community Aid Abroad (OXFAM-Australia),Total DAC,2005
KFW Development,DE,2022
Office of the High Commissioner for Human Rights,Total DAC,2015
Nepal,NP,2015
International Medical Corps,Total DAC,2014
Cook Islands,CK,2003
Fiji,FJ,2007
Community Peace Fund,Total DAC,2003
Jordan,JO,2015
United Nations Voluntary Trust Fund on Mine Action,Total DAC,2004
UN Agencies,Total DAC,2020
Mennonite Central Committee,Total DAC,2010
United Nations Disaster Management Team,Total DAC,2003
Uniqlo,Total DAC,2015
American National Committee for UNRWA,Total DAC,2021
Nauru,NR,2016
Tonga,TO,2016
French Polynesia,PF,2016
Oil for Food Programme,Total DAC,2003
UK for UNHCR,Total DAC,2002
Japan Association for UNHCR,Total DAC,2010
Rahma International Society,Total DAC,2019
Organization for Security & Cooperation in Europe,Total DAC,
Fuel Relief Fund,Total DAC,2016
League of Arab States,Total DAC,2016
Madagascar,MG,2019
Norwegian Aid Committee,Total DAC,2020
Niger,NE,2019
Allocation of unearmarked funds by MINUSMA,Total DAC,2016
American Express Company,Total DAC,2016
Citi,Total DAC,2016
Microsoft,Total DAC,2016
MoneyGram International,Total DAC,2016
New York Life Insurance Company,Total DAC,2016
UN Human Security Trust Fund,Total DAC,2020
Repsol Foundation,Total DAC,2016
Inter-American Development Bank,Total DAC,2020
United Nations Capital Development Fund,Total DAC,2015
Samaritan's Purse,Total DAC,2020
International Olympic Committee,Total DAC,2016
International Assistance Mission,Total DAC,2000
UN Women's Guild,Total DAC,2016
Sierra Leone,SL,2016
European Commission - EU Facility for Refugees in Turkey,EU Institutions,2019
Cargill,Total DAC,2018
Southern African Development Community,Total DAC,2020
Syrian Arab Popular Committee,Total DAC,2004
Luxembourg Red Cross,Total DAC,2021
Uganda,UG,2010
Italian National Committee for UNRWA,Total DAC,2016
Switzerland National Committee for UNRWA,Total DAC,2016
Secours Populaire Francais,Total DAC,2003
Eaux de Marseille (SociÃ©tÃ© des),Total DAC,
MÃ©decins du Monde,Total DAC,
Action d'Urgence International,Total DAC,2003
Honduras,HN,2021
Kohl's Department Stores,Total DAC,2016
Latter-Day Saint Charities,Total DAC,2021
National Football League,Total DAC,2016
Walmart Foundation,Total DAC,2016
Starbucks Foundation,Total DAC,2016
Direct Relief,Total DAC,2016
United Nations Industrial Development Organization,Total DAC,2018
British Virgin Islands,VG,2016
Dominica,DM,2016
Jamaica,JM,2016
Turks and Caicos Islands,TC,2016
Handicap International / Humanity & Inclusion,Total DAC,
Medilor,Total DAC,2003
Multi-Partner Trust Fund,Total DAC,
Lesotho,LS,2016
The Future of Global Health,Total DAC,2016
United Nations Department of Peace-Keeping Operations,Total DAC,2020
"Becton, Dickson and Company",Total DAC,2016
Mastercard Foundation,Total DAC,2020
National Bank of Canada,Total DAC,2016
PepsiCo Foundation,Total DAC,2020
EU Regional Trust Fund in Response to the Syrian Crisis (Madad Fund),EU Institutions,2021
Allocation of unearmarked funds by UNDEF,Total DAC,2016
Papua New Guinea,PG,2016
DHL International,Total DAC,2016
Agility,Total DAC,
Ethiopia,ET,2017
Korean Sharing Movement,Total DAC,2004
Korean Welfare Foundation,Total DAC,2010
European Commission Directorate-General External Relations,EU Institutions,2016
"Korean Reconciliation Committee, Archdiocese of Korea",Total DAC,2004
KADECO,Total DAC,2001
World Vision Korea,Total DAC,2021
South-North Sharing Campaign for Peace and Reunification,Total DAC,2001
Council of Governors - Rotary Korea,Total DAC,2001
One Korea Buddhist Movement,Total DAC,2004
Okedongmu Children in Korea,Total DAC,2004
Eugene Bell Foundation,Total DAC,2004
Forest for Peace,Total DAC,2001
Good Neighbours Inc,Total DAC,
JTS-Korea,Total DAC,2004
Catholic Agency for Overseas Development,Total DAC,2020
Medical Aids for Children of DPRK,Total DAC,2003
Jungbu Annual Conference of the KMC,Total DAC,2000
Lions Clubs International Foundation,Total DAC,2010
Seobu Annual Conference of the KMC,Total DAC,2000
Oak Foundation,Total DAC,2016
John S. and James L. Knight Foundation,Total DAC,2010
John D. and Catherine T. MacArthur Foundation,Total DAC,2019
United Nations Mission of Support in East Timor,Total DAC,2003
Terre des Hommes International,Total DAC,2016
Plan International,Total DAC,2020
Water Missions International,Total DAC,2016
Catholic Relief Services,Total DAC,2017
Dutch Postcode Lottery,Total DAC,2018
UN Action Against Sexual Violence in Conflict,Total DAC,2020
Action Contre la Faim,Total DAC,2021
Arbeiter-Samariter-Bund Deutschland e.V,Total DAC,2018 | 2019
Yemen,YE,2021
United Nations Office for Project Services,Total DAC,2021
ACF - Spain,Total DAC,
Uganda Red Cross Society,Total DAC,2005
Tanzania Red Cross National Society,Total DAC,2003
ACT Alliance / DanChurchAid,Total DAC,2021
Seychelles Red Cross Society,Total DAC,2003
Mauritius Red Cross Society,Total DAC,2005
Kenyan Red Cross Society,Total DAC,2003
Ethiopian Red Cross Society,Total DAC,2005
Djibouti Red Crescent Society,Total DAC,2005
ACT Alliance / Norwegian Church Aid,Total DAC,2020
European Commission Civil Protection Mechanism,EU Institutions,2017
Medico International,Total DAC,2016
DIOTIMA Centre of research on Women's Issues,Total DAC,2015
Swiss Development Cooperation/Swiss Humanitarian Aid,CH,2021
World Vision Taiwan,Total DAC,2017
World Vision Australia,Total DAC,2020
ACT Alliance / Diakonie Katastrophenhilfe,Total DAC,2020
International Fund for Animal Welfare,Total DAC,2017
Iraq Trust Fund (OCHA),Total DAC,2003
INTERSOS Humanitarian Aid Organization,Total DAC,2019
United Nations Voluntary Fund for Victims of Torture,Total DAC,2017
Agency for Technical Cooperation and Development,Total DAC,2021
Namibia Red Cross,Total DAC,2005
Malawi Red Cross Society,Total DAC,2003
Botswana Red Cross Society,Total DAC,2005
War Child Holland,Total DAC,2017
TEARFUND,Total DAC,2017
Humanitarian Innovation Fund,Total DAC,2021
Deutsche Welthungerhilfe e.V. (German Agro Action),Total DAC,2021
Mercy Corps,Total DAC,2021
World Poultry Foundation,Total DAC,2017
Liberia,LR,2017
National Council of Saemaul Undong Movement,Total DAC,2003
Korean Church Federation of Support for North Korea,Total DAC,2004
One Buddhism,Total DAC,2004
Korea Food for the Hungry International,Total DAC,2004
International Corn Foundation,Total DAC,2003
National Coalition of NGOs for Inter-Korea Agricultural Development and Cooperation,Total DAC,2004
The General Assembly of Presbyterian Church in Korea,Total DAC,2003
Association of South-North Kang-Won Province Cooperation,Total DAC,2003
21 Century Unification Service Organization,Total DAC,2003
National Agricultural Cooperative Federation,Total DAC,2003
GOAL,Total DAC,2017
DOB Foundation,Total DAC,2020
The Kvinna till Kvinna Foundation,Total DAC,2017
Libya,LY,2019
RadiohjÃ¤lpen (Radio Aid Sweden),Total DAC,
ACT Alliance / Christian Aid,Total DAC,2021
OXFAM,Total DAC,2020 | 2019 | 2021
EO Metterdaad,Total DAC,2020
Christelijke Gereformeerde Kerken   (Christian Reform Churches),Total DAC,2017
ACT Alliance / World Renew,Total DAC,2020
JT International Foundation,Total DAC,2017
Caritas Japan,Total DAC,2017
Caritas Italy,Total DAC,2017
Canadian Catholic Organization for Development and Peace (Caritas Canada),Total DAC,2020
Caritas Korea,Total DAC,2017
Caritas Germany (DCV),Total DAC,2021 | 2020 | 2019
Secours Catholique - Caritas France,Total DAC,
Fonds Social de la RÃ©publique DÃ©mocratique du Congo,Total DAC,
Kuwait Fund for Arab Economic Development,KW,2019
Arab League,Total DAC,2016
Catholic Organisation for Relief and Development Aid,Total DAC,2020
Pope for Ukraine,Total DAC,2017
SOS Kinderdorf,Total DAC,2017
Associazione Volontari per il Servizio Internazionale,Total DAC,2017
TEAR Fund New Zealand,Total DAC,
Mercy Corps Scotland,Total DAC,2017
Practical Action (formerly Intermediate Technology Development Group),Total DAC,
American Refugee Committee,Total DAC,
World Relief,Total DAC,2017
World Vision Sudan,Total DAC,
OXFAM America,Total DAC,2020
Mission de l'Organisation des Nations Unies pour la Stabilisation en RD Congo,Total DAC,2017
CARE International Switzerland in Sudan,Total DAC,
AlertNet,Total DAC,2003
Dutch Relief Alliance,Total DAC,2021
CE & S,Total DAC,2003
Nigeria Humanitarian Fund,Total DAC,2021
Coin Co. International,Total DAC,2003
Intergovernmental Authority on Development,Total DAC,2021
ACT Alliance / Church of Sweden,Total DAC,2020
LEGO Foundation,Total DAC,2021
CARITAS,Total DAC,2020
Kulczyk Foundation,Total DAC,2018
action medeor e.V.,Total DAC,2017
Relief International,Total DAC,2021
Kuwait Awqaf General Secretariat,KW,2017
Kuwait Zakat House,KW,2019
United States Department of Defense,US,2017
Fondation Internationale Carrefour,Total DAC,2017
ACT Alliance / Finn Church Aid,Total DAC,2018
Norwegian People's Aid,Total DAC,2017
Light for the World,Total DAC,2017
International Resources Group,Total DAC,2017
Humanity United,Total DAC,2019
Family Charitable Organisation,Total DAC,2017
Associazione di Cooperazione allo Sviluppo,Total DAC,2017
The Nando and Elsa Peretti Foundation,Total DAC,2020
Baby Box Company,Total DAC,2018
"Voice for Peace, Protection and Development",Total DAC,2017
WFP Immediate Response Account,Total DAC,2017
Al-Khair Foundation,Total DAC,2017
Malteser International Order of Malta World Relief,Total DAC,2020
Cooperazione Internazionale - COOPI,Total DAC,2017
OCP AFRICA,Total DAC,2019
CARE-UK,Total DAC,2019
CARE Luxembourg,Total DAC,2019
Japan Committee for Refugee Relief,Total DAC,2000
Facebook,Total DAC,2017
Moroccan Red Crescent,Total DAC,2010
ZOA,Total DAC,2020
Office of the United Nations Special Coordinator for the Middle East Peace Process,Total DAC,2017
United Nations Office on Drugs and Crime,Total DAC,2003
The Israel Forum for International Humanitarian Aid,Total DAC,2018
Somali Diaspora Aid Action Group,Total DAC,2017
Tear Australia,Total DAC,
ACT Alliance,Total DAC,2020
Dorcas Aid International,Total DAC,2020
Education Cannot Wait Fund,Total DAC,2021 | 2020
Communicating with Disaster Affected Communities,Total DAC,2017
Slovak Red Cross,Total DAC,2010
World Vision New Zealand,Total DAC,2017
Pax Christi e.V,Total DAC,2017
American Jewish World Service,Total DAC,2017
Aid Development Botswana,Total DAC,2017
World Mission Society Church of God,Total DAC,2018
ACT Alliance / United Methodist Committee on Relief,Total DAC,2018
Secours Islamique France,Total DAC,2020
King Abdullah Foundation,Total DAC,2017
Angola,AO,2011
EZINGO Central African Republic Multi-Partner Trust Fund,Total DAC,2017
UN Department of Economic and Social Affairs,Total DAC,2017
Digicel Group,Total DAC,2018
Interchurch Medical Assistance World Health,Total DAC,2018
Bank of Ireland,Total DAC,2018
Electric Aid,Total DAC,2018
Mary's Meals,Total DAC,2019
United Nations Environment Programme,Total DAC,2021
Expertise France,FR,2018
ActionAid International,Total DAC,2020
EPRO,Total DAC,2003
UNICEF Croatia,Total DAC,2021
Bosnia & Herzegovina,BA,2017
European Union trust fund Bekou in CAR,EU Institutions,
Population Services International,Total DAC,2020
King Salman Humanitarian Aid and Relief Center,Total DAC,2019
International NGO Safety Organisation,Total DAC,
"Frontiers, Ruwad Association",Total DAC,
Preemptive Love Coaliton,Total DAC,2018
GAVI Alliance,Total DAC,2021
"Sunnaas sykehus HF, Forskningsavdelingen",Total DAC,2017
Ruedi LÃ¼thy Foundation,Total DAC,
REACH Initiative,Total DAC,
Watan Khayr Charity Foundation,Total DAC,2018
Internews,Total DAC,2018
"ACT Alliance / Diakonia, Sweden",Total DAC,2017
Cambodia,KH,2019
Great Lakes Initiative Project HIV/AIDS,Total DAC,2017
United Nations Foundation,Total DAC,2020
Muslim Aid,Total DAC,2018
Air Serv International,Total DAC,2003
ACT Netherlands,Total DAC,2003
Grupo de Apoio Ã­Â  CrianÃ§a (GAC),Total DAC,
British Council,Total DAC,2016
Polish Red Cross,Total DAC,2005
Operation USA,Total DAC,2004
Syrian Arab Republic,SY,2019
United Nations Multidimensional Integrated Stabilization Mission in the Central African Republic,Total DAC,2020
The Innocent Foundation,Total DAC,2017
Development and Peace,Total DAC,2018
ACT Alliance / Kerk in Actie - Netherlands,Total DAC,2004
Syrian Expatriates Medical Association,Total DAC,2018
HEALTH AND WATER FOUNDATION,Total DAC,2018
Cook Islands Red Cross Society,Total DAC,2005
NoVo Foundation,Total DAC,2017
Oxfam Intermon,Total DAC,2020
Nuestros PequeÃ±os Hermanos,Total DAC,
Plan USA,Total DAC,2018
MEDAIR,Total DAC,2021
ShelterBox,Total DAC,2019
Syria Trust for Development,Total DAC,2018
Johanniter Unfallhilfe e.V.,Total DAC,2017
Japan Platform,Total DAC,2020
Fondation Caritas Luxembourg,Total DAC,2020
Kuwait Foundation for the Advancement of Science,Total DAC,2019
Burundi,BI,2020
UNICEF National Committee/Mexico,Total DAC,2019
Deutsche Bank AG,Total DAC,2019
World Vision Somalia,Total DAC,2018
Evangelical Lutheran Church in America,Total DAC,2019
Brother's Brother Foundation,Total DAC,2004
Aga Khan Foundation,Total DAC,2010
Heinrich BÃ¶ll Foundation,Total DAC,
Palestine Right to Return Coalition,Total DAC,2003
Gruppo Volontariato Civile,Total DAC,
ACT Alliance / United Church of Canada,Total DAC,2018
National Council of Churches in Australia,Total DAC,2018
HEKS - Hilfswerk der Evangelischen Kirchen Schweiz,Total DAC,2018
ACT Alliance / Diakonie Austria,Total DAC,2018
The Religious Society of Friends (Quakers),Total DAC,2018
Diana Tamari Sabbagh Foundation,Total DAC,2018
ACT Alliance / Bread for the World,Total DAC,2016
Methodist Church,Total DAC,2016
Misereor,Total DAC,2016
Trocaire,Total DAC,2020
People in Need,Total DAC,2019
Agence FranÃ§aise de DÃ©veloppement,FR,
MÃ©decins sans FrontiÃ¨res - Belgium,Total DAC,
Qawafil for Relief and Development,Total DAC,2018
Bloomberg,Total DAC,2019
Malaysia Red Crescent Society,Total DAC,2006
Gilead Sciences Inc,Total DAC,2019
Mission Aviation Fellowship,Total DAC,2004
Sheikh Abdullah Al-Nouri Charity Society,Total DAC,2019
Pan American Development Foundation,Total DAC,2019
OXFAM International,Total DAC,2020
Stichting War Child,Total DAC,2020
Pakistan Red Crescent Society,Total DAC,2005
CARE Canada,Total DAC,2020
ACT Alliance / Church World Service,Total DAC,2008
SolidaritÃ©s International (SI),Total DAC,
Ole KirkÂs Foundation,Total DAC,
Burundi Red Cross,Total DAC,2003
International Youth Foundation,Total DAC,2003
Nous Cims,Total DAC,2020
TechnipFMC,Total DAC,2019
South32,Total DAC,2019
The Resource Foundation,Total DAC,2018
Tunisia,TN,2020
Doctors of the World Turkey ( DÃ¼nya DoktorlarÃÂ± DerneÃÂi ),Total DAC,
Organization of American States,Total DAC,2010
Telecom Sans Frontieres,Total DAC,2010
Secours Islamique,Total DAC,2004
Bahamas,BS,2010
Red Cross of Serbia,Total DAC,2004
Hungarian Red Cross,Total DAC,2005
Croatian Red Cross,Total DAC,2010
United States Agency for International Development,US,2020
Crown Agents,Total DAC,2020
Thani Bin Abdullah Bin Thani Al-Thani Humanitarian Fund,Total DAC,2020
Global Food Crisis Fund,Total DAC,2004
Movement Centre of Jeju Citizen to Cooperation between South and North,Total DAC,2004
Korea Campus Crusade for Christ,Total DAC,2004
Presbyterian Church of Korea,Total DAC,2004
ACT Alliance / Canadian Lutheran World Relief,Total DAC,2019
Disasters Emergency Committee Cyclone Idai,Total DAC,2019
Aktion Deutschland Hilft,Total DAC,2020
NIRAS,Total DAC,2019
Diocese of Rumbek,Total DAC,2019
IMPACT Initiatives,Total DAC,2018
Frantz Hoffman Foundation,Total DAC,2019
Danish Emergency Relief Fund,DK,2021
JP Morgan Chase,Total DAC,2016
Base Net Organization,Total DAC,2016
The Church of Jesus Christ of Latter-Day Saints,Total DAC,2021
UNICEF National Committee/Malaysia,Total DAC,2019
UNICEF Brazil,Total DAC,2021
PremiÃ¨re Urgence Internationale,Total DAC,
"Consortium for Southern Africa Food Security Emergency (World Vision, CARE, CRS, & ADRA)",Total DAC,2004
Leopold Bachmann Foundation,Total DAC,2018
BÃ¼ndnis Entwicklung Hilft,Total DAC,
"National Lottery Community Fund, the UK",GB,2015
Hilti Foundation,Total DAC,2017
World Vision Canada,Total DAC,2020
World Vision USA,Total DAC,2020
BRITISH ORG. FOR MEDICAL AND SCIENTIFIC ASSISTANCE,Total DAC,2000
Global Partnership for Education,Total DAC,2018
MÃ©decins du Monde France,Total DAC,
Children International,Total DAC,2004
UNITED NATIONS - AFRICAN UNION HYBRID OPERATION IN DARFUR,Total DAC,2020
RONCO Consulting Corporation,Total DAC,2004
RMS Foundation,Total DAC,2004
ADRA/HELP International,Total DAC,2004
Humanitarian Grand Challenge,Total DAC,2019
HALO Trust,Total DAC,2021
Association for Aid and Relief Japan,Total DAC,2020
Swasia Charity Foundation,Total DAC,2019
Alliance for International Medical Action,Total DAC,2018
PremiÃ¨re Urgence (until 2010),Total DAC,
Wellspring International,Total DAC,2019
UN Delivering AS ONE,Total DAC,2019
Centre for Humanitarian Dialogue,Total DAC,2019
War Child Canada,Total DAC,2019
Action Against Hunger,Total DAC,2019
Women's Refugee Commission,Total DAC,2019
ACT Alliance / Diakonie Emergency Aid,Total DAC,2004
ACT Alliance / Diakonie,Total DAC,2003
UBS,Total DAC,2019
ST. ANDREWS SOCIETY,Total DAC,2000
ZAYED Foundation,Total DAC,2004
Voluntary Service Overseas,Total DAC,2019
Association for People's Cooperation between South and North Korea,Total DAC,2004
UNICEF National Committee/Chile,Total DAC,2019
Children on the Edge,Total DAC,2019
Street Child Organization,Total DAC,2019
The Pacific Community (former South Pacific Commission),Total DAC,2020
OXFAM Australia,Total DAC,2020
Conrad N. Hilton Foundation,Total DAC,2019
Manos Unidas,Total DAC,2018
FundaciÃ³n Entreculturas - Fe y AlegrÃ­Â­a,Total DAC,
Global Communities,Total DAC,2021
Misean Cara,Total DAC,2019
UK Jesuit Missions,Total DAC,2018
Spanish Jesuit Missions,Total DAC,2019
Haiti,HT,2021
Syria Relief and Development Organization (Sosyal Refah DerneÃÂÃÂ±),Total DAC,
Center for Victims of Torture,Total DAC,2018
Syrian American Medical Society Foundation,Total DAC,2020
African Humanitarian Corps,Total DAC,2019
CARE Somalia,Total DAC,2017
World Church Relief Service,Total DAC,2000
Global Center on Cooperative Security,Total DAC,2019
"BlackRock, Inc.",Total DAC,2019
Bolton Group,Total DAC,2018
CanDO Transforming Humanitarian Action,Total DAC,2019
DWF,Total DAC,
Turkmenistan,TM,2020
Kuwait Patients Helping Fund,Total DAC,2019
Humanitarian Relief Society,Total DAC,2019
War Child,Total DAC,2021
Sign of Hope,Total DAC,2019
IOM Development Fund,Total DAC,2019
Multinational Interim Force,Total DAC,2004
Fondation Chanel,Total DAC,2020
Colombia Post-Conflict UN MPTF,Total DAC,2020
Sweet Mickey Foundation,Total DAC,2004
Food for the Hungry International,Total DAC,2004
Hands Up Foundation,Total DAC,2021
United Nations Mission in South Sudan,Total DAC,2020
Isle of Man,IM,2019
"Hand in Hand Appeal, Syria",Total DAC,
Hungarian Baptist  Aid Organisation,Total DAC,2006
Caritas Hungary,Total DAC,2001
Hungarian Malteser Charity Service,Total DAC,2001
Asian Disaster Reduction Center,Total DAC,2004
Parthenon Trust,Total DAC,2005
Imperial College,Total DAC,2004
ACT Alliance / Hungarian Interchurch Aid,Total DAC,2021
Evangelical Development Programme,Total DAC,2001
Omidyar Fund,Total DAC,2004
United Nations Development Group Office,Total DAC,2004
One Shekel Campaign in WB,Total DAC,2004
United Nations Transitional Authority in East Timor,Total DAC,2000
Zimbabwe Red Cross,Total DAC,2001
Food for the Poor,Total DAC,2007
World Animal Protection,Total DAC,2001
Kleenheat Gas,Total DAC,2004
Dominican Republic,DO,2010
Liechtenstein Red Cross,Total DAC,2010
Africa Muslims Agency (Johannesburg),Total DAC,2004
IDRC,Total DAC,2004
OXFAM Netherlands (NOVIB),Total DAC,2010
"Palestinian territory, occupied",PS,2021
Chevron Texaco,Total DAC,2004
Organisation Internationale de la Francophonie,Total DAC,2008
Canadian Development and Peace,Total DAC,2020
Albania,AL,2012
International Relief Teams,Total DAC,2004
Equatorial Guinea,GQ,2010
Malta Red Cross Society,Total DAC,2000
"Korea, Democratic People's Republic of",KP,2005
Timor Leste,TL,2020
ROLEX,Total DAC,2005
Rwanda,RW,2000
Lebanon,LB,2021
Senegal,SN,2010
"Macedonia, Former Yugoslav Republic of",MK,2010
Gobi Regional Economic Growth Initiative,Total DAC,2000
HARRODS GROUP,Total DAC,2000
Mauritania,MR,2006
"Ibero-American States Organization for Education, Science & Culture",Total DAC,2001
Palau,PW,2005
United Nations Volunteers Programme,Total DAC,2005
Gabon,GA,2020
UN Economic Commission for Latin America,Total DAC,2005
Swaziland,SZ,2007
European Investment Bank,Total DAC,2000
Serbia and Montenegro,RS,2008
Nicaragua,NI,2011
BIJOU Trust,Total DAC,2004
Trust & Legacies,Total DAC,2004
Barbados Red Cross Society,Total DAC,2005
Seychelles,SC,2000
OXFAM Ireland,Total DAC,2005
OXFAM Hong Kong,Total DAC,2009
Guatemala,GT,2009
IRA Fund,Total DAC,2005
Zambia,ZM,2012
Reunion,FR,2008
International Maritime Organization,Total DAC,2006
Panama,PA,2010
Tuvalu,TV,2009
Albanian Red Cross,Total DAC,2010
Bangladesh Red Crescent Society,Total DAC,2010
Belize Red Cross Society,Total DAC,2010
Bolivian Red Cross,Total DAC,2005
Red Cross Society of Bosnia and Herzegovina,Total DAC,2005
Brazilian Red Cross,Total DAC,2005
Colombian Red Cross Society,Total DAC,2010
Ecuadorian Red Cross,Total DAC,2005
Salvadorean Red Cross Society,Total DAC,2005
Estonia Red Cross,Total DAC,2006
Honduran Red Cross,Total DAC,2005
Latvian Red Cross,Total DAC,2010
"Red Cross of The Former Yugoslav Republic of Macedonia, The",Total DAC,2005
Lithuanian Red Cross Society,Total DAC,2005
Micronesia Red Cross,Total DAC,2005
"Micronesia,  Federated States of",FM,2006
Papua New Guinea Red Cross Society,Total DAC,2005
Paraguayan Red Cross,Total DAC,2005
Portuguese Red Cross,Total DAC,2010
Romanian Red Cross,Total DAC,2005
South African Red Cross Society,Total DAC,2010
Fiji Red Cross Society,Total DAC,2010
Palau Red Cross Society,Total DAC,2005
Ukrainian Red Cross Society,Total DAC,2005
AASAA,Total DAC,2006
Organization for African Unity,Total DAC,2002
Ghana,GH,2012
USA for UNHCR,Total DAC,2010
"United Nations Mission in the DRC (Mission d'Observation des Nations Unies au Congo, MONUC)",Total DAC,2005
Jamaica Red Cross,Total DAC,2005
Uruguayan Red Cross,Total DAC,2005
World Vision Hong Kong,Total DAC,2005
World Vision UK,Total DAC,2005
ACT Alliance / Amity Foundation,Total DAC,2000
Algerian Red Crescent,Total DAC,2005
Bahamas Red Cross Society,Total DAC,2005
Argentine Red Cross,Total DAC,2010
Arab Association for Human Rights,Total DAC,2005
Czech Red Cross,Total DAC,2005
Guyana Red Cross Society,Total DAC,2005
Jordan National Red Crescent Society,Total DAC,2005
Lebanese Red Cross,Total DAC,2005
Mexican Red Cross,Total DAC,2005
Philippine Red Cross,Total DAC,2005
Russian Red Cross Society,Total DAC,2005
Samoa Red Cross Society,Total DAC,2005
Trinidad and Tobago Red Cross Society,Total DAC,2005
Vanuatu Red Cross Society,Total DAC,2005
Venezuelan Red Cross,Total DAC,2005
World Vision Sri Lanka,Total DAC,2005
FOCUS Humanitarian Aid,Total DAC,2005
Lighthouse Association,Total DAC,2005
Association Francaise de soutien a UNHCR,Total DAC,2005
Australia for UNHCR,Total DAC,2010
Association of Medical Doctors of Asia International,Total DAC,2001
Deniz Feneri Yardimlasma ve Dayanisma Dernegi,Total DAC,2005
Abdul Latif Jameel Group,Total DAC,2005
North Atlantic Treaty Organization,Total DAC,2010
Earthquake Relief Fund for Orphans,Total DAC,2005
Tajikistan,TJ,2012
Tzu Chi Foundation,Total DAC,2010
Exactmobile (South Africa),Total DAC,2005
Shinnyo-en,Total DAC,2007
PriceWaterhouseCoopers,Total DAC,2010
UNO-FlÃ¼chtlingshilfe e.V.,Total DAC,
International Bank for Reconstruction & Development (World Bank),Total DAC,2001
Human Rights and Humanitarian Assistance Foundation,Total DAC,2005
ADC Foundation,Total DAC,2005
Cambodian Red Cross,Total DAC,2010
Nepal Red Cross Society,Total DAC,2010
Caritas Austria,Total DAC,2007
SERVICE plus GMBH,Total DAC,2005
AIG Disaster Relief Fund,Total DAC,2005
Kyrgyzstan,KG,2011
The Asia Foundation,Total DAC,2005
International Relief and Development,Total DAC,2005
International Catholic Migration Commission,Total DAC,2005
Christian Children's Fund,Total DAC,
Foundation for Co-existence,Total DAC,2005
National Anti War Front,Total DAC,2005
Disaster Resource Network,Total DAC,2010
Suriname Red Cross,Total DAC,2005
Rissho Koseikai,Total DAC,
Standard Chartered Bank,Total DAC,2006
Corporacion andina de fomento,Total DAC,2020
Friends of Love,Total DAC,2001
Church Women Solidarity for Supporting North Korea Children,Total DAC,2001
Korea Buddhist Order Association,Total DAC,2001
Green Hope,Total DAC,2006
Abundant Life Church,Total DAC,2006
Grenada,GD,2010
The Movement Center of Jeju Citizen to Help the North Korea,Total DAC,2001
Africa Self Help Assistance Programme,Total DAC,2006
Korean Farmers' Association,Total DAC,2001
Association of Major Superious of Religious Women in Korea,Total DAC,2001
Kim Seung-Jung,Total DAC,2001
Catholic Priest Association for Justice,Total DAC,2001
WFP Administered Trust Fund,Total DAC,2007
UN Assistance Programme to Afghanistan,Total DAC,2006
Church of Jesus Christ (Johannesburg),Total DAC,2006
Rwandan Red Cross,Total DAC,2005
Packard Foundation,Total DAC,2001
Open Society Institute Assistance Foundation,Total DAC,2010
Juffali Foundation,Total DAC,2007
Bahrain Red Crescent Society,Total DAC,2006
International Telecommunications Union,Total DAC,2006
Swedish Mission Council,Total DAC,2020
Pan American Health and Education Foundation,Total DAC,2006
Disaster Prevention and Preparedness Commission Ethiopia,ET,2005
Firemen without Borders,Total DAC,2006
European Commission Rapid Reaction Mechanism,EU Institutions,2006
Solidaridad Internacional,Total DAC,2006
Australian Aid International,Total DAC,
Hope International Development Agency,Total DAC,2006
UNICEF National Committee/Estonia,Total DAC,2010
Asia Pacific Permanent Representatives' Spouses Group,Total DAC,2005
Seylan Bank Limited,Total DAC,2006
Netherlands Refugee Foundation,Total DAC,2006
Medical Emergency Relief International,Total DAC,2010
Ayuda en AcciÃ³n,Total DAC,
World Wildlife Fund,Total DAC,2006
UNICEF National Committee/Oman,Total DAC,2006
Fondazione Un Raggio di Luce,Total DAC,2006
CARE Nepal,Total DAC,2006
"Daiki, Inc.",Total DAC,2001
Plan Niger,Total DAC,2006
MÃ©decins sans FrontiÃ¨res - Switzerland,Total DAC,
VÃ¥rt land,Total DAC,
"Friends of  UNRWA Association, USA",Total DAC,2009
United Nations assessed contributions,Total DAC,2006
"Congo, Republic of",CG,2011
MÃ©dicos del Mundo Spain,Total DAC,
UNICEF National Committee/Latvia,Total DAC,2007
Telefood Campaign,Total DAC,2006
"Catholic Church, Germany",Total DAC,2001
"Operation Helping Hands, American Samoa",Total DAC,2007
"Episcopal Conference, Peru",Total DAC,2001
Saga Falabella,Total DAC,2001
Cooperation Andina de Fomento,Total DAC,2008
Plan Indonesia,Total DAC,2007
Swedish Cooperative Centre,Total DAC,2006
Chinese Community in Peru,Total DAC,2001
Intl Humanitarian Org World View,Total DAC,2001
"National Fishery Society, Peru",Total DAC,2001
Santa Isabel Market,Total DAC,2001
"Greek Orthodox Ladies Philoptochos Society, Inc.",Total DAC,2001
Gamarra's Merchant Commission,Total DAC,2001
UNDG Iraq Trust Fund,Total DAC,2011
Andean Development Corporation,Total DAC,2010
Luchetti,Total DAC,2001
Espana con ACNUR,Total DAC,2007
Fundacion Paz - Holandesa,Total DAC,2001
Backus y Cervesur,Total DAC,2001
Special Representative of the Secretary-General,Total DAC,2001
Girls are a Treasure Network,Total DAC,2007
ALICORP,Total DAC,2001
Boston Archiepiscopal Diocese,Total DAC,2001
Lima Airport Partners,Total DAC,2001
"Area Staff Union, HQ/Amman",Total DAC,2006
Peru Rail,Total DAC,2001
Juhaina for Industries,Total DAC,2006
Peruvian Private Enterprise Colchones Paraiso,Total DAC,2001
Ripley,Total DAC,2001
Feed the Hungry,Total DAC,2007
The Federation of Korean Industries,Total DAC,2001
D. Stiftung furn UNO-Fluchtlingshilfe E.V.,Total DAC,2007
The Korean Medical Association,Total DAC,2001
Floridon Foundation,Total DAC,2007
Nextel Peru,Total DAC,2001
Humanity First USA,Total DAC,2012
"Central Asian Free Exchange, USA",Total DAC,2001
"Joint Development Associates, USA",Total DAC,2001
MÃ©decins sans FrontiÃ¨res - Netherlands,Total DAC,
Caritas India,Total DAC,2001
Evangelical Fellowship of India Commission on Relief,Total DAC,2001
Oxfam India,Total DAC,2001
Project Aparajita - VHAI,Total DAC,2001
Concern India,Total DAC,2001
Catholic Mission,Total DAC,2001
UNDG/EXECCOMM Secretariat,Total DAC,2007
Zimbabwe CHF,Total DAC,2007
CARE Australia,Total DAC,2020
Caritas Peru,Total DAC,2007
Christian Friends of Korea,Total DAC,2007
Medical Assistance Programs International,Total DAC,2008
Foundation Vida Peru,Total DAC,2007
El Salvador,SV,2010
Singapore International Foundation,Total DAC,2001
Children of Peru Foundation (New York),Total DAC,2007
SAFRA Edmond J. Philanthropic Foundation,Total DAC,2007
Light Force International,Total DAC,2007
Lion Aid,Total DAC,2007
Diakonia World Federation,Total DAC,2000
Arab Authority for Agricultural Investment and Development,Total DAC,2008
The Mission Covenant Church of Sweden,Total DAC,2007
Children's Home Society of Minnesota,Total DAC,2001
United Nations Mission in Timor-Leste,Total DAC,2007
Caritas Spain,Total DAC,2007
BID,Total DAC,2007
Puerto Rico,PR,2010
Somalia ERF (until 2012),Total DAC,2010
Multi-Donor Trust Fund for the Sudan,Total DAC,2011
Alexander Bodini Foundation,Total DAC,2010
SANOFI,Total DAC,2001
PMU-Interlife,Total DAC,2009
Islamic Edu. Scien. Cultural Org.,Total DAC,2007
Amitie sans Frontieres,Total DAC,2007
SOLIDAR INGO CONSORTIUM,Total DAC,2008
United Nations Joint Logistics Centre,Total DAC,2007
Caritas/MCC,Total DAC,2001
Flanders Cooperation,Total DAC,2007
Monterey Institute of International Studies,Total DAC,2008
Mercy-USA for Aid and Development,Total DAC,2021
SOS International,Total DAC,2007
Saudi Public Campaign for Lebanon and Palestine,Total DAC,2007
Palestine Red Crescent Society,Total DAC,2008
Welfare Association,Total DAC,2008
Sundry Donors,Total DAC,2008
Human Care International,Total DAC,2009
Kingdom Foundation,Total DAC,2008
Counterpart International,Total DAC,2007
PTT Public Company Limited,Total DAC,2008
Honda,Total DAC,2010
Japan Association for WFP,Total DAC,2008
Khoo Teck Puat Foundation,Total DAC,2008
Samoa,WS,2011
Deniz Feneri Association,Total DAC,2008
Business Roundtable,Total DAC,2008
Schering-Plough Corporation,Total DAC,2008
Abbott Laboratories,Total DAC,2011
Motorola Foundation,Total DAC,
Charles Schwab Foundation,Total DAC,2008
Merrill Lynch,Total DAC,2008
General Motors Foundation,Total DAC,2011
"Caterpillar, Inc.",Total DAC,2010
The Nat'l Council of Saemaul Undong  Movement in Korea,Total DAC,2001
Pfizer,Total DAC,2008
Merck & Co. Inc.,Total DAC,2011
US-China Business Council,Total DAC,2008
EMC Corporation,Total DAC,2008
Siemens AG,Total DAC,2010
Daimler,Total DAC,2008
Baxter International Foundation,Total DAC,2008
Linkage Trust,Total DAC,2008
AMURT International,Total DAC,2008
Fondation de France,Total DAC,2020
Tides Foundation,Total DAC,2008
International Air Transport Association,Total DAC,2008
Belarusian Red Cross,Total DAC,2010
Sri Lanka Red Cross Society,Total DAC,2008
Partner Aid International e.V.,Total DAC,2008
Multi-Donor Trust Fund for the Sudan South,Total DAC,2008
SCOR Group,Total DAC,2008
Project HOPE,Total DAC,2008
Baptist World Aid,Total DAC,2008
Indonesian Farmers Funds,Total DAC,2000
Medical Teams International,Total DAC,2010
Uzbekistan,UZ,2021
ACT Alliance / Lutheran World Relief,Total DAC,2020
International Orthodox Christian Charities,Total DAC,2010
The Sigrid Rausing Trust,Total DAC,2008
Office for Intellectual Freedom,Total DAC,2008
Plan Haiti,Total DAC,2008
Digicel Foundation,Total DAC,2008
Burkina Faso,BF,2021
Burma Austria Allianz,Total DAC,2008
Jordanian River Society,Total DAC,2008
Life for Relief and Development,Total DAC,2009
Benin,BJ,2010
Health Partners International Canada,Total DAC,2008
Red Crescent Society of Kyrgyzstan,Total DAC,2008
Lihir Gold Limited,Total DAC,2008
Tanzania,TZ,2012
GlobalMedic,Total DAC,2009
HIVOS,Total DAC,2008
Human Concern International,Total DAC,2009
Foundation for HR and Freedoms and Humanitarian Relief,Total DAC,2009
Doctors Worldwide,Total DAC,2009
Mercy Malaysia,Total DAC,2011
Waatasemu Charity Association,Total DAC,2009
Japanese Kindergarten Association,Total DAC,2010
Sultan Haji Hassanal Bolkiah Foundation,Total DAC,2009
Sheikh Mohammad Shami Foundation,Total DAC,2009
NOMECO,Total DAC,2001
Abu Dhabi National Energy Company,Total DAC,2010
"Al-Aqsa Islamic Society, USA",Total DAC,2010
"ARIGATOU FOUNDATION, JAPAN",Total DAC,2009
JORDAN RIVER FOUNDATION,Total DAC,2009
KINDER USA,Total DAC,2009
"Mercy Relief, Singapore",Total DAC,2009
Deloitte and Touche,Total DAC,2010
"Travian Games, Germany",Total DAC,2009
INDONESIA-PALESTINE FRIENDSHIP INITIATIVE,Total DAC,2009
ISLAMIC HERITAGE SOCIETY,Total DAC,2009
ISLAMIC SHURA COUNCIL OF MICHIGAN,Total DAC,2009
SALAM YA SUGHAR FUND,Total DAC,2008
CRS and Private Foundations,Total DAC,2008
World Vision Support Offices,Total DAC,2009
Medical Aid for Palestinians,Total DAC,2009
Korean Foundation for International Healthcare,Total DAC,2011
Balcombe,Total DAC,2009
Spanish Aced,Total DAC,2009
Fondation Suisse pour le DÃ©minage,Total DAC,
SAH - Schweizerisches Arbeiterhilfswerk,Total DAC,2009
Nepal ERF,Total DAC,2009
HSBC Bank Middle East Limited,Total DAC,2010
Operation Blessing International,Total DAC,2009
Wal-Mart,Total DAC,2009
Golden Heart Fund,Total DAC,2009
Association Solidarite Maroc Palestine,Total DAC,2010
Inter AmÃ©ricain de CoopÃ©ration Agricole,Total DAC,
Shell Nigeria,Total DAC,2002
Belize,BZ,2020
Co-ordinating Council Geneva,Total DAC,2002
America Continental 2000,Total DAC,2010
Campbell Soup CO,Total DAC,2010
ConAgra Foods,Total DAC,2010
AssistÃªncia MÃ©dica Internacional (AMI),Total DAC,
Vodafone Group Foundation,Total DAC,2010
Kellogg Corporation,Total DAC,2010
Bank of America Corporation,Total DAC,2010
BMO Financial Group,Total DAC,2011
Go Daddy,Total DAC,2010
Rogers Communications,Total DAC,2010
Walt Disney Corporation,Total DAC,2010
Lance Armstrong Foundation,Total DAC,2010
Jolie-Pitt Foundation,Total DAC,2011
Suriname,SR,2010
Jefferies Group Inc,Total DAC,2011
Verizon Foundation,Total DAC,2010
Kraft Foods Foundation,Total DAC,2010
Plan UK,Total DAC,2010
CareSource Foundation,Total DAC,2010
AT&T Foundation,Total DAC,2010
Home Depot Foundation,Total DAC,2010
Eaton Corp,Total DAC,2010
British Airways,Total DAC,2010
Comcast Corp,Total DAC,2010
Angel Network,Total DAC,2010
Not on our Watch,Total DAC,2010
Toyota Motor Corporation,Total DAC,2011
State Street Corporation,Total DAC,2010
Dow Chemical Corporation,Total DAC,2010
Advent Software,Total DAC,2010
Air Products,Total DAC,2010
Allstate Foundation,Total DAC,2010
UnitedHealth,Total DAC,2010
Orthodox Church in America,Total DAC,2010
VICINI and the INICIA Foundation,Total DAC,2010
Humana Foundation,Total DAC,2010
Argos Cement Company,Total DAC,2010
Visa,Total DAC,2010
Wakefern Food Corp. (ShopRite and PriceRite stores,Total DAC,2010
Walgreens,Total DAC,2010
Mattel,Total DAC,2010
Hess Corporation,Total DAC,2010
DELL,Total DAC,2010
General Mills Foundation,Total DAC,2011
Reynolds American Foundation,Total DAC,2010
Southern Company Charitable Foundations,Total DAC,2010
Publix,Total DAC,2010
Rockwell Collins,Total DAC,2010
Sempra Energy Foundation,Total DAC,2010
Staples Inc.,Total DAC,2010
Tenet Healthcare Corporation,Total DAC,2010
Morgan Stanley,Total DAC,2010
Canon Group,Total DAC,2011
Cogeco Cable,Total DAC,2010
ConocoPhillips,Total DAC,2011
Credit Agricole,Total DAC,2010
Desjardins,Total DAC,2010
Chubb Corporation,Total DAC,2010
Credit Suisse,Total DAC,2010
"Crocs, Inc.",Total DAC,2010
Limited Brands,Total DAC,2010
Safeway Inc,Total DAC,2010
Tesco,Total DAC,2010
United Technologies Corporation,Total DAC,2011
Lowe's Companies Inc.,Total DAC,2010
TJX Companies,Total DAC,2010
Toys R Us,Total DAC,2010
FPL Group Foundation,Total DAC,2010
GenNX360,Total DAC,2010
US Bancorp,Total DAC,2010
SES World Skies,Total DAC,2010
Symantec,Total DAC,2010
Panasonic,Total DAC,2011
National Grid,Total DAC,2010
Eastman Kodak Charitable Trust,Total DAC,2011
Qwest Foundation,Total DAC,2010
Henry Schein Inc.,Total DAC,2010
Hanesbrands,Total DAC,2010
Massachusetts Mutual Life Insurance Company,Total DAC,2010
Dollar General Corporation,Total DAC,2010
Build-A-Bear Workshop Foundation,Total DAC,2010
"Principal Financial Group Foundation, Inc",Total DAC,2010
Pentair,Total DAC,2010
Astoria Federal Savings,Total DAC,2010
Northfield Bank Foundation,Total DAC,2010
Hudson's Bay Company,Total DAC,2010
Hydration Technology Innovations,Total DAC,2010
HNA Group,Total DAC,2010
Xstrata AG,Total DAC,2010
Burton D. Morgan Foundation,Total DAC,2010
Canada Safeway Foundation,Total DAC,2010
ACE Charitable Foundation,Total DAC,2010
"Kinetic Concepts, Inc.",Total DAC,2010
RBC,Total DAC,2010
Rite Aid,Total DAC,2010
Digicel Aruba,Total DAC,2010
MetaCorp,Total DAC,2010
Burger King,Total DAC,2010
Eisai Co. Ltd.,Total DAC,2010
Clinton Foundation,Total DAC,2010
Maxim G Rochester and Leighton McKnight,Total DAC,2010
Royal Bank of Canada,Total DAC,2010
Healthworkers Community,Total DAC,2010
William Gallagher Associates,Total DAC,2010
AP Moller Maersk Group,Total DAC,2010
Monsanto Co.,Total DAC,2010
Bristol-Myers Squibb,Total DAC,2010
Bertelsmann AG,Total DAC,2010
ConvaTec,Total DAC,2010
FIJIWater,Total DAC,2010
HSBC,Total DAC,2011
"TEC Equipment, Inc.",Total DAC,2010
Migros,Total DAC,2010
Valero Energy/Ultramar,Total DAC,2010
"Cardinal Health, Inc.",Total DAC,2010
Avon,Total DAC,2010
Carnival Corporations,Total DAC,2010
Foresters,Total DAC,2011
Dr Pepper Snapple Group,Total DAC,2010
Leonardo DiCaprio Foundation,Total DAC,2010
International Paper,Total DAC,2010
Lipsey Water,Total DAC,2010
Paul Hastings,Total DAC,2010
Kirkland & Ellis LLP,Total DAC,2010
"Weil, Gotshal & Manges LLP",Total DAC,2010
Dewey & LeBoeuf LLP,Total DAC,2010
Venable LLP,Total DAC,2010
Akin Gump Strauss Hauer & Feld LLP,Total DAC,2010
Patton Boggs LLP,Total DAC,2010
"Gibson, Dunn & Crutcher",Total DAC,2010
Chadbourne & Parke LLP,Total DAC,2010
Winston & Strawn LLP,Total DAC,2010
Mayer Brown,Total DAC,2010
Schulte Roth & Zabel LLP,Total DAC,2010
WilmerHale,Total DAC,2010
Northrop Grumman Corp,Total DAC,2010
Northwestern Mutual Corp.,Total DAC,2010
DJO Incorporated,Total DAC,2010
"Ross Stores, Inc.",Total DAC,2010
Nationwide Insurance Foundation,Total DAC,2010
International Criminal Police Organization - INTERPOL,Total DAC,2010
"Dr. Fresh, Inc",Total DAC,2010
ING Group Disaster Relief Fund,Total DAC,2010
TNT,Total DAC,2010
Shionogi Pharma Inc.,Total DAC,2010
"Shionogi & Co., Ltd",Total DAC,2010
Skanska,Total DAC,2010
3M,Total DAC,2010
Allianz Life Insurance Company of North America,Total DAC,2010
Atlantic Philanthropies,Total DAC,2010
"Blue Cross and Blue Shield of Minnesota Foundation, Inc.",Total DAC,2010
Buuck Family Foundation,Total DAC,2010
Central Minnesota Community Foundation,Total DAC,2010
Chrysler Foundation,Total DAC,2010
"CVS Caremark Charitable Trust, Inc.",Total DAC,2011
eBay Foundation,Total DAC,2010
Ecolab Inc.,Total DAC,2010
Hewlett-Packard Company Foundation,Total DAC,2010
Gulf Coast Community Foundation of Venice,Total DAC,2010
Hilton Worldwide,Total DAC,2010
Horizon Foundation for New Jersey,Total DAC,2010
Wawa Inc.,Total DAC,2010
Kroger Co. Foundation,Total DAC,2010
M.A.C. AIDS Fund,Total DAC,2010
McGregor Fund,Total DAC,2010
NiSource Charitable Foundation,Total DAC,2010
Nissan Corporation,Total DAC,2010
Northland Foundation,Total DAC,2010
GEA Society,Total DAC,2010
Pew Charitable Trusts,Total DAC,2010
Public Welfare Foundation,Total DAC,2010
Richard and Susan Smith Family Foundation,Total DAC,2010
Toro Company,Total DAC,2010
Bernard van Leer Foundation,Total DAC,2010
Bacardi Limited,Total DAC,2010
Electricite de France,Total DAC,2010
Winn-Dixie Foundation,Total DAC,2010
Weyerhaeuser,Total DAC,2010
Louis Vutton,Total DAC,2010
Kids in Distressed Situations,Total DAC,2010
Carestream Health,Total DAC,2010
Xcel Energy Foundation,Total DAC,2010
Annie E. Casey Foundation,Total DAC,2010
"Anheuser-Busch Companies, Inc.",Total DAC,2010
"Best Buy Co., Inc.",Total DAC,2010
Best Buy Children's Foundation,Total DAC,2010
Freeport-McMoRan Copper & Gold Inc,Total DAC,2010
Gerdau Ameristeel,Total DAC,2010
Siemens Water Technologies,Total DAC,2010
Amgen,Total DAC,2010
Aramark,Total DAC,2010
"Hitachi America, Ltd.",Total DAC,2010
MassMutual Financial Group,Total DAC,2010
3Com,Total DAC,2010
Armstrong,Total DAC,2010
AXA Group,Total DAC,2010
Barclay's Foundation,Total DAC,2010
Bechtel,Total DAC,2010
Dannon,Total DAC,2010
Cognizant,Total DAC,2010
Coach,Total DAC,2010
Dun & Bradstreet,Total DAC,2010
Dunkin Brands,Total DAC,2010
Farmers Insurance,Total DAC,2010
Flowserve,Total DAC,2010
Goodrich Corporation,Total DAC,2010
Harland Clarke Holdings,Total DAC,2010
Hartford Financial Services Group,Total DAC,2011
JC Penny,Total DAC,2010
Land O'Lakes,Total DAC,2010
Lubrizol,Total DAC,2010
McAfee,Total DAC,2010
"Mitsui USA, Inc.",Total DAC,2012
Bilkent Holding,Total DAC,2010
Latin American Benevolent Foundation,Total DAC,2010
Grass Technologies,Total DAC,2010
Integra LifeSciences Holdings Corporation,Total DAC,2010
OneBeacon Charitable Trust,Total DAC,2010
ChildFund International,Total DAC,2020
Menasha Corporation,Total DAC,2010
Korean-American Association,Total DAC,2010
J. Smith Lanier & Co.,Total DAC,2010
Sprint Nextel,Total DAC,2010
Costa Rican Red Cross,Total DAC,2010
Bridgestone Group,Total DAC,2010
Sphene International Ltd,Total DAC,2010
Carlson Wagonlit Travel Beheermaatschappij,Total DAC,2010
Office of the Representative of the Dalai Lama,CN,2010
Nomura Group,Total DAC,2010
Risk and Insurance Management Society,Total DAC,2010
Zambia Red Cross Society,Total DAC,2010
Syrian Arab Red Crescent,Total DAC,2010
"Goya Foods, Inc.",Total DAC,2010
Crawford & Company,Total DAC,2010
Grand Circle Foundation,Total DAC,2010
Dark & Light Foundation,Total DAC,2002
Perry Ellis International,Total DAC,2010
Medtronic Foundation,Total DAC,2011
Wegman Family Charitable Foundation,Total DAC,2010
Aetna Foundation,Total DAC,2010
Airamid Health Management,Total DAC,2010
AK Steel,Total DAC,2010
AllianceBernstein Holding L.P.,Total DAC,2010
MAXIMUS,Total DAC,2010
CareFusion Corporation,Total DAC,2010
Cumberland Pharmaceuticals Inc,Total DAC,2010
Thrivent Financial for Lutherans,Total DAC,2010
Liggett Vector Brands Inc.,Total DAC,2010
Actavis Group,Total DAC,2010
Nestle USA,Total DAC,2010
Nokia,Total DAC,2010
Occidental Petroleum,Total DAC,2010
PACCAR Inc.,Total DAC,2010
Pietrantoni Mendez & Alvarez LLP,Total DAC,2010
Princess Cruises,Total DAC,2010
"QVC, Inc.",Total DAC,2011
Raytheon,Total DAC,2010
Boston Foundation (Ansara Family Fund),Total DAC,2010
DentaQuest,Total DAC,2010
Prem Rawat Foundation,Total DAC,2010
Ronald McDonald House Charities,Total DAC,2010
Sony,Total DAC,
Sony Online Entertainment,Total DAC,2010
Underwriters Laboratories,Total DAC,2010
Univision,Total DAC,2010
US Airways,Total DAC,2010
Arcos Dorados B.V.,Total DAC,2010
J. Willard and Alice S. Marriott Foundation,Total DAC,2010
Nicaraguan Red Cross,Total DAC,2010
Darden Restaurants,Total DAC,2010
Honeywell,Total DAC,2010
Goddard Enterprises Limited,Total DAC,2010
Shipman & Goodwin LLP,Total DAC,2010
Benfica Foundation,Total DAC,2010
Biomet Inc.,Total DAC,2010
Kubota Corporation,Total DAC,2010
"Summer Infant, Inc.",Total DAC,2010
United Methodist Church,Total DAC,2020
"Chung Te Buddhist Association of NY, Inc.",Total DAC,2010
American Egg Board,Total DAC,2010
Caritas Manila,Total DAC,2010
PokerStars,Total DAC,2010
BLU-MED Response Systems,Total DAC,2010
FUJIFILM Holdings Corporation,Total DAC,2010
BD,Total DAC,2010
Goldman Sachs Group,Total DAC,2010
Mosaic Company,Total DAC,2010
C & S Wholesale Grocers,Total DAC,2011
Inasmuch Foundation,Total DAC,2010
Giant Food Stores,Total DAC,2010
Nestle,Total DAC,2010
Daystar Christian Centre,Total DAC,2010
Convoy of Hope,Total DAC,2010
Catholic Diocese of Erie,Total DAC,2010
Toshiba Group,Total DAC,2010
ANGLO AMERICAN PLC,Total DAC,2010
Care Germany,Total DAC,2010
Kinross,Total DAC,2010
International Programme for the Development of Communication,Total DAC,2010
Federation Internationale de Football Association (FIFA),Total DAC,2010
South American Football Confederation (CONMEBOL),Total DAC,2010
PotashCorp,Total DAC,2011
Hyundai Motor Company,Total DAC,2011
Airbus Foundation,Total DAC,2010
International Criminal Court,Total DAC,2020
Fondation de l'Ordre de Malte pour le Liban,Total DAC,2010
"Ameriprise Financial, Inc.",Total DAC,2010
USA Friends Private,Total DAC,2002
ENDESA Group,Total DAC,2010
BASF,Total DAC,2011
IBN SINA,Total DAC,2002
Agenzia Italiana Risposta Emergenze,Total DAC,2010
Boston Foundation,Total DAC,2010
Hy-Vee Inc.,Total DAC,2010
Lloyd A. Fry Foundation,Total DAC,2010
Associated Banc-Corp,Total DAC,2010
Carnegie Corporation of New York,Total DAC,2010
Global Children Foundation,Total DAC,2010
Terre des Hommes - Germany,Total DAC,2010
Terre des Hommes - Italy,Total DAC,2010
Great Family Organization,Total DAC,2010
UN Central Fund for Influenza Action,Total DAC,2010
Korean Broadcast Company,Total DAC,2010
Banesco Bank Venezuela,Total DAC,2010
Zanfha Initiative,Total DAC,2010
Management Sciences for Health,Total DAC,2010
Mine Action Programme for Afghanistan,Total DAC,2010
Oregon Community Foundation,Total DAC,2010
California Endowment,Total DAC,2010
Lisa and Douglas Goldman Fund,Total DAC,2010
Have It Your Way Foundation,Total DAC,2010
Roy A. Hunt Foundation,Total DAC,2010
Cleveland Foundation,Total DAC,2010
Windy International Youth Foundation,Total DAC,2010
UN Spouses Bazaar,Total DAC,2010
Kresge Foundation,Total DAC,2010
Gambia,GM,2010
Seattle Foundation,Total DAC,2010
World Meteorological Organization,Total DAC,2010
Daiichi Sankyo,Total DAC,2010
BRAC,Total DAC,2010
Telenor Pakistan,Total DAC,2010
Northeast Asia Forest Forum,Total DAC,2002
Pirelli & C. Societa per Azioni,Total DAC,2010
Google,Total DAC,2010
Boeing Company,Total DAC,2010
GE Foundation,Total DAC,2010
International Development and Relief Foundation,Total DAC,2010
Unilever,Total DAC,2020
United Nations Mission in Ethiopia and Eritrea,Total DAC,2002
International Relief Solutions LLC,Total DAC,2010
Cummins Foundation,Total DAC,2021
BP Foundation,Total DAC,2011
Pakistan Telecommunication Company LTD.,Total DAC,2010
"NetSol Technologies, Inc",Total DAC,2010
Kuwait Joint Relief Committee,Total DAC,2010
BMW Group,Total DAC,2010
Equate Petrochemical,Total DAC,2010
Sheraton Hotel,Total DAC,2010
Tethyan Copper Company,Total DAC,2010
JCB,Total DAC,2010
ICI Pakistan,Total DAC,2010
Infineon Technologies,Total DAC,2010
Connacionales del Extranjero,Total DAC,2010
BCIE,Total DAC,
Help for school,Total DAC,2010
"Guatemala General Council in Miami, Florida",GT,2010
RAK Ceramics,Total DAC,2010
Doha Bank,Total DAC,2010
DynCorp,Total DAC,2010
ITT Corporation,Total DAC,2011
Daewoo,Total DAC,2010
Sud-Chemie AG,Total DAC,2010
Hillman Family Foundations,Total DAC,2010
Oklahoma City Community Foundation,Total DAC,2010
Mobilink Foundation,Total DAC,2010
United Nations Association in Canada,Total DAC,2002
W.K. Kellogg Foundation,Total DAC,2010
"Onnuri Church, Rep. of Korea",Total DAC,2001
Gaddafi International Charity and Development Foundation (GICDF),Total DAC,2010
Coastal Community Foundation of South Carolina,Total DAC,2010
The Pears Foundation,Total DAC,2010
United Islamic Center,Total DAC,2010
Minneapolis Foundation,Total DAC,2010
San Diego Foundation,Total DAC,2010
East Bay Community Foundation,Total DAC,2010
Stabilization and Recovery Funding Facility in Eastern DRC,Total DAC,2010
Islamic Centre of Tucson,Total DAC,2010
Fondation Assistance Internationale,Total DAC,2010
Hilina Enriched Food Processing Center PLC,Total DAC,2010
UNICEF National Committee/San Marino,Total DAC,2010
GMC Services,Total DAC,2010
M. J. Murdock Charitable Trust,Total DAC,2010
"F. M. Kirby Foundation, Inc.",Total DAC,2010
Community Foundation for Southern Arizona,Total DAC,2010
The Achelis Foundation,Total DAC,
The Bodman Foundation,Total DAC,2010
World Conference on Religions for Peace,Total DAC,2002
Silicon Valley Community Foundation,Total DAC,2010
Maldives,MV,2021
Kimse Yok Mu Solidarity Foundation,Total DAC,2011
Reach Out To Asia,Total DAC,2010
Arab Medical Association,Total DAC,2011
Consortium of British Humanitarian Agencies,Total DAC,2011
Actions MÃ©dicales Internationale,Total DAC,
Astellas,Total DAC,2011
Brother Industries Ltd.,Total DAC,2011
Philadelphia Insurance Companies,Total DAC,2011
DCH Auto Group,Total DAC,2011
Delta Development Program,Total DAC,2011
Aflac,Total DAC,2011
Manulife Financial Corporation,Total DAC,2011
Gap Inc.,Total DAC,2011
H-E-B,Total DAC,
Jones Lang LaSalle,Total DAC,2011
KCI,Total DAC,2011
Levi Strauss Foundation,Total DAC,2011
Lockheed Martin,Total DAC,2011
Lupin,Total DAC,2011
McDonald's Corporation,Total DAC,2011
"Molycorp, Inc.",Total DAC,2011
Nikon,Total DAC,
Nukepills,Total DAC,2011
Tasa Meng,Total DAC,2011
Wells Fargo & CO,Total DAC,2011
BNPP,Total DAC,2011
Bulgarian Red Cross,Total DAC,2011
First Moscow Gymnasium,Total DAC,2011
VITOL,Total DAC,2010
Bank of Palestine,Total DAC,2021
Chemonics International Inc.,Total DAC,2020
First National Bank of Namibia,Total DAC,2011
Afghan Technical Consultants,Total DAC,2010
Lindner Foundation Uganda,Total DAC,2011
CARITAS INTERNATIONALIS,Total DAC,2011
Aayo Development Foundation,Total DAC,2011
UN Stabilization and Recovery - DRC,Total DAC,2012
South Sudan ERF (until 2014),Total DAC,2011
United Nations Disengagement Observer Force,Total DAC,2002
HEMCO,Total DAC,
B2Gold,Total DAC,2011
FUNDACION LA CAIXA (FLC),Total DAC,2012
Kuwaiti Social Reform Society,Total DAC,2012
Soka Gakkai,Total DAC,2000
Eaux de Marseille (Société des),,2003
Médecins du Monde,,2019
WEFA HUMANITARIAN RELIEF ORGANIZATION,Total DAC,2012
Canadian Coalition,Total DAC,2020
"INTERVIDA FOUNDATION, SPAIN",Total DAC,2012
Centers for Disease Control and Prevention,US,2020
Union of Relief Organizations â Lebanon,Total DAC,
Secours Catholique â Caritas France,Total DAC,
Frontiers Ruwad Association,Total DAC,2018
Grupo de Apoio Ã  CrianÃ§a (GAC),Total DAC,
Ole Kirkâs Foundation,Total DAC,
Doctors of the World Turkey ( DÃ¼nya DoktorlarÄ± DerneÄi ),Total DAC,
FundaciÃ³n Entreculturas - Fe y AlegrÃ­a,Total DAC,
Syria Relief and Development Organization (Sosyal Refah DerneÄÄ±),Total DAC,
Vital Strategies,Total DAC,2020
King Baudouin Foundation.,Total DAC,2020
Solidarity Response Fund,Total DAC,2020
COVID-19 Humanitarian Thematic Fund,Total DAC,2020
Ukraine Humanitarian Fund,Total DAC,2021
UNICEF National Committee/Uruguay,Total DAC,
UN Multi-Partner Trust Fund for Sustaining Peace in Colombia,Total DAC,2021
Queen Silvia Foundation,Total DAC,2021
WHAM Foundation,Total DAC,2020
Spotlight Initiative,Total DAC,2019
UN COVID-19 Response and Recovery Fund,Total DAC,2020
Big Heart Foundation,Total DAC,2020
United Way International,Total DAC,2019
Violet Organization,Total DAC,2020
Caritas Czech Republic,Total DAC,2020
Balad Organization,Total DAC,
Ghiras Alnahda Organization,Total DAC,2019
Grand Challenges Canada,Total DAC,2020
Stiftung Deutsche Welthungerhilfe,Total DAC,
Deutsche Lepra- und Tuberkulosehilfe e.V,Total DAC,2020
Somalia,SO,2021
PandemicTech,Total DAC,2020
Syrian Humanitarian Institute for National Empowerment,Total DAC,2020
NetHope,Total DAC,2020
UNICEF National Committee/Saudi Arabia,Total DAC,2020
,,2023 | 2022 | 2021 | 2020 | 2019
Malawi SDG Acceleration Fund,,2020
Alwaleed Foundation,,2020
Samaritan Integrated Development Agency,,
Field Ready,,2020
International Humanitarian City,,2021
Help Refugees,,2020
Women Vision,,2020
Treatment and Rehabilitation Center for Victims of Torture,,2020
United Nations Office for Project Services | United Nations Mine Action Service,,2020
Age International,,2020
Norwegian Research Council,,2020
UN agencies and NGOs (details not yet provided),,2020
EQUINOR,,2020
Madad Organization,,2019
UNICEF National Committee/United Arab Emirates,,
Disaster Emergency Committee Coronavirus Appeal,,2021
ChildFund Korea,,2020
Fondation Femmes plus,,2020
Brooke-Action for Working Horses & Donkeys,,2020
Italian Agency for Development Cooperation,,2021
Rahma Worldwide (Formerly Rahma Relief Foundation),,
Community Action Water Programme,,2020
Abt Associates,,2021 | 2020
Silatech Organization,,2016
"South Sudan Multi-Partner Trust Fund for Reconciliation, Stabilization, Resilience",,2021
Civil Society Initiative,,
Association of Christian Resource Organizations Serving Sudan,,2020
Mundri Relief and Development Association,,2020
Evangelical youth organization in WÃ¼rttemberg,,
Episcopal Church of Sudan (part of the Anglican Communion),,2020
NGOs,,2020
AGCO Agriculture Foundation,,2020
Islamic Charity Association,,
Caritas Australia,,2020
Caritas Norway,,2020
Habitat for Humanity International,,2020
Danish Committee for Aid to Afghan Refugees,,2019
AGIR Foundation,,2020
ELMA Relief Foundation,,2020
The Center for Disaster Philanthropy,,2020
Susan Thompson Buffet Foundation,,2020
Trocaire | Catholic Agency for Overseas Development,,2020
Catholic Agency for Overseas Development | Trocaire,,2020
Clinton Health Access Initiative,,2020
Scottish Catholic International Aid Fund,,2020
East African Community Services,,2020
Education Cannot Wait Fund | Save the Children | Windle Trust International,,2020
Mott MacDonald,,2020
The Norwegian Agency for Development Cooperation,,2020
Windle Trust International | Mott MacDonald | United Kingdom,,2020
CARE USA,,2020
GIRO 555,,2020
Accion Contra el Hambre - Spain,,2017
Union des Organisations Syrienne de Secours MÃ©dicaux,,
Civil Society Facility,,2020
"Syria Resilience Consortium (CARE, DRC, HI, IRC, NRC & Mercy Corps)",,2020
Food for the Hungry,,
Arab Fund for Economic and Social Development (AFESD),,2021
CARE Netherlands,,2020
Spanish Agency for International Development Cooperation (AECID),,2020
Innovation Norway,,2020
AcciÃ³n Solidaria,,
Humanity & Inclusion - Handicap International,,2003
Japan International Cooperation Agency,,2021
International Islamic Charity Organization,,2020
SÃNÃO-le service public de l'eau,,
Special Fund for Emergency and Rehabilitation,,2021
UN Multi-Partner Trust Fund,,2021
Médecins sans Frontières,,2010
Triangle Génération Humanitaire,,2002
Union of Relief Organizations – Lebanon,,2013
Solidarités International,,2020
Deutsche Gesellschaft für Internationale Zusammenarbeit,,2021
Société Anglogold Ashanti de Guinée,,2014
Good Neighbors Inc,,2004
Radiohjälpen (Radio Aid Sweden),,2018
Secours Catholique – Caritas France,,2020
Fonds Social de la République Démocratique du Congo,,2017
Ruedi Lüthy Foundation,,2020 | 2018 | 2019
Grupo de Apoio à Criança (GAC),,2018
Nuestros Pequeños Hermanos,,2018
Heinrich Böll Foundation,,2018
Médecins sans Frontières - Belgium,,2007
Agence Française de Développement,,2020
Solidarités International (SI),,
Ole Kirk’s Foundation,,2020
Doctors of the World Turkey ( Dünya Doktorları Derneği ),,2019
Première Urgence Internationale,,2020
Bündnis Entwicklung Hilft,,2017
Médecins du Monde France,,2017 | 2019 | 2018 | 2020
Première Urgence (until 2010),,2007
Help - Hilfe zur Selbsthilfe e.V.,,2021 | 2020 | 2019 | 2022
Fundación Entreculturas - Fe y Alegría,,2018
Syria Relief and Development Organization (Sosyal Refah Derneğı),,2019
Médicos del Mundo Spain,,2001
Evangelical youth organization in Württemberg,,2020
Union des Organisations Syrienne de Secours Médicaux,,2021 | 2022 | 2023 | 2024
Acción Solidaria,,2020
SÉNÉO-le service public de l'eau,,2020
UNO-Flüchtlingshilfe e.V.,,2005
Ayuda en Acción,,2006
Médecins sans Frontières - Switzerland,,2006
Vårt land,,2006
Médecins sans Frontières - Netherlands,,2002
Fondation Suisse pour le Déminage,,2009
Inter Américain de Coopération Agricole,,2009
Assistência Médica Internacional (AMI),,2002
Actions Médicales Internationale,,2011
Gruppo Volontariato Civile (until 2018),,2018
American Refugee Committee (Alight),,2017
Start Network,,2021
Discovery Rise,,2020
East African Community,,2021
Start Small Foundation,,2021
Famine Relief Fund,,2021
Tear Fund,,
Venezuela Humanitarian Fund,,2021
Tearfund New Zealand,,2016
European Commission DG1,,
Tearfund Netherlands,,2021
Tearfund Canada,,2021
United Nations Children's Fund | Food & Agriculture Organization of the United Nations,,
The St. Augustine Foundation,,2019
Airbnb,,2021
H&M Foundation,,2018
Scalabrini International Migration Network,,2021
Fundación VINCI,,2021
Ferrovial,,2021
World Vision France,,2021
Fundación Emilio Moro,,2021
European Commission Directorate-General for International Partnerships (formerly EuropeAid DEVCO),,2021
Child Fund,,2007
Practical Action,,2017
Rahma Worldwide,,2020
Corus International,,2020
Fonto de  Vivo,,2021
Intergovernmental  Authority on Development,,2014
Family for Every Child - European Children's Trust,,2015
Organization for Security and Co-operation in Europe,,2016
Médecins du Monde Belgium,,2021
United Nations Integrated Transitional Assistance Mission in Sudan,,2021
UEFA Foundation for Children,,2021
Fundación MAPFRE,,2021
Total Foundation,,2014
Motorola Solutions Foundation,,2011
United Nations Department of  Operational Support,,2020
Mission East,,2020 | 2019 | 2021 | 2022
Harambee Foundation,,2021
Comité Interministériel de l'Aide Alimentaire,,2021
la Conférence des ministres de la Jeunesse et des Sports de la Francophonie (CONFEJES).,,2020
The Achelis & Bodman Foundation,,2010
H-E-B Grocery Company,,2011
Nikon Corporation,,2011
HEMCO Corporation,,2011
Al-Imdaad Foundation,,2021
RCO,,2020
Management Systems International,,2021
iMMAP,,
PATRIP Foundation,,2020
European Union Trust Fund Bêkou for the Central African Republic,,2020
Royal Health Awareness Society,,2021
Campaña Colombiana Contra Minas,,2021
Muslim Hands International,,2021
Baitussalam Welfare Trust,,2021
Hasene International e.V,,2021
Muntada Aid,,2021
Rahmatan Lil Alamin Foundation,,2021
ATICO Fakhreldin Group,,2021
Aozora Foundation,,2021
Dubai Cares,,2019
Agility Logistics,,2016
Hand for Aid and Development,,2004
Australian Aid,,2020
Muslim Hands France,,2021
Australian Relief Organisation,,2021
Jordan Insurance Federation,,2021
Fondation Mahmoud Shakarchi Pour Oeuvres Et Bienfaisance,,2021
Palestine Islamic Bank,,2021
Society of Wives of Arab Ambassadors and Heads of Missions in Japan,,2021
Target Corporation,,2016
DWF Foundation,,2019
Banco Centroamericano de Integración Económica,,2020
Sony Corporation,,2020
SOS Children's Villages,,2021
Risshō Kōsei Kai,,2021
Penny Appeal,,2021
Human Appeal UK,,2021
Alliance 2015 (Consortium),,2021
Multi-donor flexible humanitarian contribution (UNICEF Global Humanitarian Thematic),,2021
Foundation for Innovative New Diagnostics,,2021
Pluralsight,,2020
Union des Organisations de Secours et Soins Médicaux  France,,2021
ELRHA,,2020
Relief Experts Association,,2021
Kings College London,,2021
Instituto per la Cooperazione Universitaria Onlus,,2021
Hilfswerk International,,2021
